zip,lat,lng
06390,41.27024,-71.98783
10001,40.75065,-73.99718
10002,40.7157,-73.98638
10003,40.7318,-73.98911
10004,40.69465,-74.02106
10005,40.70614,-74.00891
10006,40.70968,-74.01284
10007,40.71395,-74.00764
10009,40.72633,-73.97861
10010,40.73911,-73.98265
10011,40.74187,-74.00052
10012,40.72584,-73.998
10013,40.72022,-74.00463
10014,40.73374,-74.00687
10016,40.74515,-73.9783
10017,40.75221,-73.97251
10018,40.75533,-73.99311
10019,40.7657,-73.98706
10020,40.75906,-73.98026
10021,40.76939,-73.95871
10022,40.75859,-73.96793
10023,40.77601,-73.98269
10024,40.79227,-73.97482
10025,40.79857,-73.96659
10026,40.80245,-73.9526
10027,40.81184,-73.9534
10028,40.7763,-73.95372
10029,40.79173,-73.94396
10030,40.81823,-73.94288
10031,40.82518,-73.95013
10032,40.83884,-73.94279
10033,40.8506,-73.93391
10034,40.86715,-73.9241
10035,40.79551,-73.92967
10036,40.75927,-73.98999
10037,40.81287,-73.93739
10038,40.70916,-74.00279
10039,40.83076,-73.93619
10040,40.85821,-73.93053
10044,40.76166,-73.95017
10065,40.76474,-73.96314
10069,40.77555,-73.99035
10075,40.77335,-73.95622
10103,40.76078,-73.97767
10110,40.7545,-73.98226
10111,40.75892,-73.97746
10112,40.75917,-73.97967
10115,40.81085,-73.96374
10119,40.75031,-73.99298
10128,40.78138,-73.95016
10152,40.7584,-73.97203
10153,40.76362,-73.97244
10154,40.75778,-73.97249
10162,40.76931,-73.94993
10165,40.75213,-73.97872
10167,40.75479,-73.97495
10168,40.75145,-73.9771
10169,40.75439,-73.9761
10170,40.75263,-73.97588
10171,40.7559,-73.97386
10172,40.75527,-73.97431
10173,40.75413,-73.97936
10174,40.75144,-73.975
10177,40.75498,-73.97589
10199,40.75138,-73.99715
10271,40.70824,-74.01054
10278,40.71514,-74.00377
10279,40.71263,-74.00867
10280,40.71025,-74.01672
10282,40.71683,-74.01494
10301,40.62846,-74.0962
10302,40.63043,-74.13772
10303,40.63239,-74.16905
10304,40.60607,-74.09418
10305,40.59538,-74.07543
10306,40.57152,-74.12535
10307,40.50794,-74.23965
10308,40.55152,-74.15038
10309,40.53132,-74.22056
10310,40.63236,-74.11616
10311,40.60524,-74.17956
10312,40.54534,-74.18153
10314,40.59913,-74.16572
10451,40.82077,-73.92387
10452,40.83739,-73.92344
10453,40.85225,-73.91358
10454,40.80549,-73.91661
10455,40.81478,-73.90862
10456,40.83003,-73.90815
10457,40.84713,-73.89871
10458,40.86244,-73.88826
10459,40.82585,-73.89289
10460,40.84172,-73.87956
10461,40.8474,-73.84066
10462,40.84269,-73.8586
10463,40.88077,-73.90662
10464,40.86793,-73.80051
10465,40.82391,-73.82298
10466,40.89098,-73.84597
10467,40.88081,-73.87392
10468,40.86804,-73.90006
10469,40.86862,-73.84813
10470,40.89594,-73.86812
10471,40.89947,-73.9018
10472,40.8295,-73.8694
10473,40.81819,-73.85878
10474,40.81066,-73.8844
10475,40.86953,-73.82532
10501,41.29448,-73.76075
10502,41.01145,-73.84149
10503,41.02651,-73.8752
10504,41.13121,-73.70587
10505,41.3421,-73.74565
10506,41.18883,-73.63393
10507,41.2284,-73.68628
10509,41.41174,-73.59437
10510,41.14094,-73.83447
10511,41.26299,-73.94366
10512,41.44925,-73.71213
10514,41.17308,-73.77091
10516,41.45334,-73.90241
10517,41.29822,-73.86194
10518,41.26778,-73.60032
10519,41.35021,-73.6557
10520,41.22059,-73.87156
10522,41.01226,-73.86479
10523,41.06,-73.81892
10524,41.37063,-73.92197
10526,41.29108,-73.66782
10527,41.31915,-73.76447
10528,40.97834,-73.72293
10530,41.02341,-73.8077
10532,41.09912,-73.80003
10533,41.03836,-73.85569
10535,41.33516,-73.79933
10536,41.26982,-73.68726
10537,41.33785,-73.88514
10538,40.938,-73.75667
10541,41.37973,-73.75123
10543,40.95199,-73.73552
10545,41.17861,-73.83549
10546,41.19552,-73.79992
10547,41.31169,-73.84622
10548,41.2472,-73.93496
10549,41.20069,-73.72098
10550,40.90625,-73.83505
10552,40.9238,-73.82509
10553,40.90854,-73.82173
10560,41.33202,-73.60221
10562,41.19242,-73.83096
10566,41.28919,-73.91845
10567,41.28896,-73.89799
10570,41.13006,-73.7872
10573,41.0168,-73.67728
10576,41.21336,-73.57373
10577,41.03786,-73.71367
10578,41.31739,-73.67446
10579,41.39377,-73.83614
10580,40.97889,-73.69306
10583,40.98924,-73.7931
10588,41.33533,-73.82183
10589,41.32994,-73.69523
10590,41.25393,-73.53733
10591,41.08586,-73.84417
10594,41.11637,-73.77267
10595,41.08646,-73.78201
10596,41.25608,-73.95911
10597,41.29406,-73.59682
10598,41.2819,-73.79328
10601,41.03295,-73.76504
10603,41.05456,-73.77939
10604,41.05928,-73.73944
10605,41.00919,-73.74605
10606,41.02045,-73.77572
10607,41.0395,-73.81117
10701,40.94544,-73.88034
10703,40.95974,-73.88031
10704,40.91886,-73.86176
10705,40.91925,-73.88976
10706,40.98976,-73.86752
10707,40.96054,-73.82274
10708,40.93816,-73.83075
10709,40.95459,-73.80935
10710,40.96732,-73.84713
10801,40.91757,-73.78437
10803,40.9003,-73.80662
10804,40.94912,-73.78636
10805,40.89645,-73.7804
10901,41.13876,-74.11615
10910,41.27707,-74.13522
10911,41.31682,-74.0031
10913,41.06885,-73.95552
10914,41.41597,-74.19953
10915,41.54231,-74.35823
10916,41.44214,-74.2487
10917,41.32443,-74.11697
10918,41.3477,-74.25871
10919,41.52855,-74.38317
10920,41.15291,-73.94057
10921,41.32976,-74.36388
10922,41.3336,-73.99473
10923,41.20235,-73.9998
10924,41.37946,-74.34667
10925,41.21009,-74.3033
10926,41.30162,-74.12443
10927,41.19257,-73.96708
10928,41.35344,-73.99766
10930,41.36485,-74.11535
10931,41.14745,-74.16455
10932,41.48207,-74.46457
10933,41.36525,-74.5142
10940,41.45119,-74.47016
10941,41.48857,-74.34496
10950,41.31837,-74.19886
10952,41.11363,-74.07943
10953,41.40504,-74.07745
10954,41.09997,-74.01276
10956,41.1569,-73.99436
10958,41.37337,-74.43044
10960,41.09198,-73.92584
10962,41.04906,-73.95913
10963,41.46332,-74.54425
10964,41.01624,-73.91438
10965,41.06179,-74.01279
10968,41.03936,-73.91777
10969,41.29255,-74.48882
10970,41.18793,-74.07769
10973,41.38494,-74.47609
10974,41.16798,-74.17825
10975,41.25801,-74.17403
10976,41.02857,-73.92629
10977,41.11768,-74.0481
10979,41.18272,-74.31501
10980,41.23609,-74.04651
10983,41.02736,-73.94833
10984,41.20855,-74.01752
10985,41.58358,-74.3732
10986,41.28157,-73.99502
10987,41.20392,-74.23211
10988,41.30156,-74.5428
10989,41.12464,-73.93617
10990,41.26442,-74.366
10992,41.42549,-74.16594
10993,41.21013,-73.97552
10994,41.09751,-73.97262
10996,41.38975,-73.97266
10998,41.33514,-74.53885
11001,40.72353,-73.70457
11003,40.70134,-73.70792
11004,40.74628,-73.71148
11005,40.75663,-73.71423
11010,40.7006,-73.675
11020,40.77106,-73.71278
11021,40.78645,-73.72899
11023,40.7991,-73.73351
11024,40.81632,-73.74172
11030,40.79338,-73.68887
11040,40.7456,-73.67978
11042,40.75848,-73.6973
11050,40.83849,-73.69071
11096,40.62118,-73.75303
11101,40.74671,-73.93893
11102,40.77238,-73.92611
11103,40.76266,-73.91349
11104,40.7446,-73.92027
11105,40.77887,-73.90622
11106,40.76172,-73.93183
11109,40.74589,-73.95751
11201,40.69463,-73.98972
11203,40.64955,-73.93444
11204,40.61871,-73.98492
11205,40.69468,-73.96613
11206,40.70187,-73.94235
11207,40.67073,-73.89429
11208,40.66855,-73.87103
11209,40.62194,-74.03009
11210,40.62821,-73.94627
11211,40.71244,-73.95299
11212,40.66293,-73.91303
11213,40.67111,-73.9363
11214,40.59866,-73.99636
11215,40.6626,-73.98678
11216,40.68075,-73.94937
11217,40.68259,-73.97928
11218,40.64346,-73.97611
11219,40.63267,-73.99669
11220,40.64115,-74.01651
11221,40.69136,-73.92787
11222,40.72858,-73.94774
11223,40.59715,-73.97359
11224,40.57665,-73.98873
11225,40.66304,-73.95431
11226,40.64639,-73.9568
11228,40.61679,-74.013
11229,40.60083,-73.94401
11230,40.62214,-73.96506
11231,40.67767,-74.00465
11232,40.65632,-74.00563
11233,40.6783,-73.91995
11234,40.60602,-73.91071
11235,40.58402,-73.9488
11236,40.63958,-73.90107
11237,40.70429,-73.92107
11238,40.67913,-73.96384
11239,40.64844,-73.87969
11351,40.78076,-73.82543
11354,40.76863,-73.82739
11355,40.75148,-73.82092
11356,40.78497,-73.84165
11357,40.78636,-73.81097
11358,40.76044,-73.79632
11359,40.79142,-73.77665
11360,40.78039,-73.78148
11361,40.76383,-73.77237
11362,40.7565,-73.73686
11363,40.77268,-73.74671
11364,40.74532,-73.76068
11365,40.73976,-73.79486
11366,40.72817,-73.78491
11367,40.73041,-73.82623
11368,40.74959,-73.8526
11369,40.76339,-73.87238
11370,40.77568,-73.88738
11371,40.77445,-73.87332
11372,40.75166,-73.88361
11373,40.73886,-73.87858
11374,40.72652,-73.8615
11375,40.72092,-73.84611
11377,40.74482,-73.90522
11378,40.72467,-73.90954
11379,40.71676,-73.87953
11385,40.70102,-73.89013
11411,40.694,-73.73619
11412,40.69811,-73.75896
11413,40.66992,-73.7509
11414,40.65809,-73.84495
11415,40.70795,-73.82816
11416,40.68458,-73.8496
11417,40.67637,-73.84441
11418,40.70019,-73.83611
11419,40.68863,-73.82297
11420,40.67358,-73.81787
11421,40.69401,-73.85869
11422,40.66041,-73.73626
11423,40.71561,-73.76843
11424,40.71424,-73.82714
11425,40.60774,-74.02391
11426,40.73646,-73.72237
11427,40.73097,-73.74553
11428,40.72098,-73.74227
11429,40.70978,-73.7387
11430,40.6474,-73.78627
11432,40.71529,-73.79306
11433,40.69813,-73.78684
11434,40.67677,-73.77626
11435,40.70138,-73.80968
11436,40.67577,-73.79672
11451,40.7012,-73.79596
11501,40.74633,-73.63892
11507,40.77091,-73.65235
11509,40.58877,-73.72852
11510,40.65021,-73.60804
11514,40.74989,-73.61247
11516,40.62578,-73.72669
11518,40.63759,-73.66678
11520,40.65003,-73.58291
11530,40.72737,-73.63725
11542,40.87093,-73.62885
11545,40.82705,-73.58903
11547,40.83073,-73.64435
11548,40.81464,-73.60681
11549,40.7173,-73.6028
11550,40.70171,-73.62007
11552,40.69233,-73.65129
11553,40.70674,-73.59206
11554,40.71961,-73.56021
11556,40.71968,-73.58375
11557,40.6374,-73.69197
11558,40.60481,-73.64927
11559,40.60648,-73.71731
11560,40.88062,-73.59021
11561,40.58937,-73.64791
11563,40.65726,-73.67368
11565,40.67504,-73.67167
11566,40.66312,-73.55412
11568,40.78694,-73.5965
11569,40.58975,-73.58228
11570,40.66573,-73.63851
11572,40.63232,-73.63686
11575,40.68046,-73.58527
11576,40.79841,-73.64767
11577,40.78326,-73.63883
11579,40.84404,-73.64415
11580,40.67496,-73.70357
11581,40.65154,-73.71648
11590,40.75541,-73.57461
11596,40.75971,-73.64236
11598,40.63093,-73.71164
11691,40.60138,-73.76103
11692,40.59369,-73.79231
11693,40.5965,-73.81676
11694,40.57775,-73.84386
11697,40.55951,-73.9066
11701,40.68199,-73.41258
11702,40.656,-73.31677
11703,40.73294,-73.32562
11704,40.71694,-73.35898
11705,40.74517,-73.05508
11706,40.7217,-73.2508
11709,40.90688,-73.5597
11710,40.67215,-73.53288
11713,40.77499,-72.94317
11714,40.74254,-73.48606
11715,40.75003,-73.03516
11716,40.77126,-73.12695
11717,40.78378,-73.25225
11718,40.71886,-73.26388
11719,40.78075,-72.91071
11720,40.87035,-73.08212
11721,40.89359,-73.36994
11722,40.78306,-73.19491
11724,40.86532,-73.45289
11725,40.84045,-73.2808
11726,40.67885,-73.39564
11727,40.88206,-73.00402
11729,40.76279,-73.32177
11730,40.71749,-73.17397
11731,40.86267,-73.31691
11732,40.84467,-73.53674
11733,40.93757,-73.10591
11735,40.73159,-73.4327
11738,40.83816,-73.03822
11739,40.72955,-73.16056
11740,40.86529,-73.36132
11741,40.79489,-73.07032
11742,40.81006,-73.04143
11743,40.88124,-73.42679
11746,40.81438,-73.36095
11747,40.78412,-73.40975
11749,40.80676,-73.17087
11751,40.72998,-73.21426
11752,40.75671,-73.17481
11753,40.78997,-73.54008
11754,40.88768,-73.24739
11755,40.85821,-73.11724
11756,40.72543,-73.51654
11757,40.68875,-73.37348
11758,40.66827,-73.45849
11762,40.68203,-73.44669
11763,40.82582,-72.9833
11764,40.93594,-72.97548
11765,40.88328,-73.55795
11766,40.93582,-73.0165
11767,40.84386,-73.14476
11768,40.91062,-73.32621
11769,40.73619,-73.1309
11770,40.64579,-73.15658
11771,40.86682,-73.52593
11772,40.76096,-72.9871
11776,40.91361,-73.04636
11777,40.95169,-73.06468
11778,40.9433,-72.93
11779,40.81277,-73.11536
11780,40.89219,-73.16952
11782,40.73748,-73.08116
11783,40.67767,-73.49062
11784,40.86891,-73.04118
11786,40.94462,-72.88515
11787,40.85339,-73.21033
11788,40.81808,-73.21328
11789,40.95756,-72.97214
11790,40.90689,-73.12767
11791,40.8284,-73.50435
11792,40.94818,-72.8305
11793,40.65069,-73.51421
11794,40.91362,-73.12514
11795,40.70788,-73.29826
11796,40.73135,-73.0997
11797,40.81727,-73.47004
11798,40.75225,-73.37596
11801,40.76239,-73.52394
11803,40.7818,-73.4735
11804,40.75874,-73.45697
11901,40.92254,-72.64657
11930,40.98935,-72.10144
11931,40.93495,-72.61361
11932,40.93905,-72.30785
11933,40.92378,-72.75494
11934,40.80008,-72.79363
11935,41.01796,-72.48929
11937,41.00703,-72.1953
11939,41.12788,-72.34146
11940,40.8104,-72.75711
11941,40.82973,-72.72839
11942,40.85315,-72.5849
11944,41.09988,-72.37089
11946,40.87787,-72.52651
11947,40.95518,-72.57717
11948,40.96594,-72.55795
11949,40.86546,-72.80134
11950,40.80776,-72.84737
11951,40.7634,-72.83056
11952,40.99698,-72.5437
11953,40.88593,-72.95064
11954,41.04652,-71.94662
11955,40.80886,-72.81986
11956,40.98159,-72.46894
11957,41.14927,-72.26173
11958,41.03618,-72.46153
11959,40.82255,-72.60118
11960,40.80854,-72.70635
11961,40.90392,-72.88749
11962,40.93565,-72.27269
11963,40.99428,-72.3208
11964,41.0544,-72.32076
11965,41.07777,-72.3527
11967,40.79514,-72.8749
11968,40.907,-72.41279
11970,40.93914,-72.57747
11971,41.05946,-72.4264
11972,40.83354,-72.70683
11973,40.86786,-72.88213
11975,40.94316,-72.24438
11976,40.92765,-72.34791
11977,40.82759,-72.67913
11978,40.82936,-72.64734
11980,40.83146,-72.92233
12007,42.45616,-73.92765
12008,42.85301,-73.90799
12009,42.69824,-74.03178
12010,42.93797,-74.17386
12015,42.28262,-73.8272
12017,42.32118,-73.46216
12018,42.62952,-73.52591
12019,42.93075,-73.88635
12020,43.00248,-73.868
12022,42.67078,-73.34569
12023,42.60998,-74.16738
12024,42.47678,-73.53331
12025,43.0833,-74.136
12027,42.92243,-73.90716
12028,42.93994,-73.4432
12029,42.40668,-73.42658
12031,42.76477,-74.4569
12032,43.23363,-74.55081
12033,42.53754,-73.70714
12035,42.73177,-74.35151
12036,42.54077,-74.6774
12037,42.34517,-73.56853
12040,42.63738,-73.35077
12041,42.58328,-73.96423
12042,42.4021,-73.9202
12043,42.70454,-74.52273
12045,42.47693,-73.7952
12046,42.49182,-73.91917
12047,42.784,-73.72653
12051,42.34411,-73.84516
12052,42.75397,-73.47861
12053,42.75365,-74.1923
12054,42.60874,-73.86582
12056,42.7666,-74.09025
12057,42.96978,-73.34463
12058,42.34966,-73.92449
12059,42.61213,-74.05894
12060,42.41679,-73.49419
12061,42.59819,-73.6557
12062,42.531,-73.50807
12063,42.56505,-73.63758
12064,42.61434,-74.65729
12065,42.85316,-73.78649
12066,42.78057,-74.31049
12067,42.55615,-73.92633
12068,42.95546,-74.40903
12069,42.94514,-74.27897
12070,42.98469,-74.25387
12071,42.55267,-74.42264
12072,42.88466,-74.36231
12074,43.05038,-74.0445
12075,42.29983,-73.63382
12076,42.41003,-74.38858
12077,42.59434,-73.78405
12078,43.1238,-74.36368
12083,42.4303,-74.02664
12084,42.70421,-73.90096
12085,42.70336,-73.96335
12086,42.99719,-74.10672
12087,42.43247,-73.89778
12089,42.86787,-73.31205
12090,42.88022,-73.35532
12092,42.70126,-74.37659
12093,42.4968,-74.6268
12094,42.89332,-73.48837
12095,43.02702,-74.40419
12106,42.38895,-73.71132
12108,43.57407,-74.44934
12110,42.75316,-73.7767
12115,42.47281,-73.58074
12116,42.53723,-74.91524
12117,43.16875,-74.2547
12118,42.91684,-73.72138
12120,42.45141,-74.14424
12121,42.84592,-73.60204
12122,42.54808,-74.31659
12123,42.52279,-73.60792
12124,42.44906,-73.79272
12125,42.47602,-73.40481
12130,42.44206,-73.6595
12131,42.45964,-74.46805
12132,42.47052,-73.63004
12134,43.2662,-74.22876
12136,42.43618,-73.55836
12137,42.85609,-74.12773
12138,42.74721,-73.37207
12139,43.53729,-74.56482
12140,42.69179,-73.56269
12143,42.48579,-73.85204
12144,42.62974,-73.71811
12147,42.51463,-74.15546
12148,42.83454,-73.84743
12149,42.61829,-74.56493
12150,42.87857,-74.05383
12151,42.92512,-73.78874
12153,42.64044,-73.46871
12154,42.9377,-73.60063
12155,42.59561,-74.82455
12156,42.47719,-73.74355
12157,42.66588,-74.29885
12158,42.54063,-73.82091
12159,42.6424,-73.88604
12160,42.75887,-74.3672
12161,42.53606,-73.85486
12164,43.55385,-74.35818
12165,42.31057,-73.50767
12166,42.8387,-74.45279
12167,42.42076,-74.58407
12168,42.56099,-73.38082
12169,42.58644,-73.44276
12170,42.99684,-73.66309
12172,42.28913,-73.73955
12173,42.38753,-73.76027
12174,42.35336,-73.72854
12175,42.5515,-74.55282
12176,42.38014,-73.96713
12177,42.951,-74.28714
12180,42.75062,-73.60223
12182,42.80045,-73.63286
12183,42.74743,-73.69256
12184,42.42049,-73.65421
12185,42.90329,-73.53123
12186,42.62751,-73.97066
12187,42.62196,-74.46226
12188,42.81988,-73.69582
12189,42.73626,-73.71765
12190,43.47353,-74.27331
12192,42.40291,-73.82828
12193,42.5157,-74.04497
12194,42.52443,-74.45965
12195,42.48664,-73.47099
12196,42.63157,-73.61698
12197,42.61136,-74.72774
12198,42.67673,-73.63404
12202,42.63378,-73.76322
12203,42.68108,-73.84822
12204,42.68802,-73.72852
12205,42.71896,-73.82934
12206,42.67445,-73.78253
12207,42.65728,-73.74608
12208,42.65331,-73.8102
12209,42.63807,-73.7899
12210,42.65996,-73.75818
12211,42.70582,-73.76407
12222,42.68539,-73.82541
12302,42.88182,-73.98204
12303,42.74956,-73.9246
12304,42.7741,-73.8973
12305,42.81215,-73.95043
12306,42.80481,-74.02857
12307,42.80503,-73.93364
12308,42.82157,-73.91999
12309,42.79915,-73.86951
12401,41.93558,-74.05278
12404,41.81464,-74.23593
12405,42.32139,-74.08988
12406,42.10202,-74.55241
12407,42.31761,-74.35824
12409,42.04364,-74.16684
12410,42.0699,-74.44976
12411,41.87608,-74.04552
12412,42.01273,-74.27957
12413,42.31255,-74.02123
12414,42.22399,-73.92037
12416,42.10067,-74.28871
12417,41.90682,-73.98998
12418,42.35877,-74.16173
12419,41.85962,-74.10349
12420,41.67113,-74.3793
12421,42.2486,-74.54307
12422,42.3926,-74.20334
12423,42.37921,-74.10974
12424,42.24686,-74.13529
12427,42.14078,-74.13729
12428,41.73903,-74.44489
12429,41.8291,-73.97495
12430,42.20346,-74.49959
12431,42.36032,-74.02069
12432,42.04431,-73.94446
12433,42.00337,-74.15849
12434,42.36051,-74.50076
12435,41.7288,-74.5187
12436,42.19555,-74.07411
12438,42.20791,-74.60127
12439,42.29608,-74.18386
12440,41.77871,-74.17726
12441,42.1353,-74.50865
12442,42.21526,-74.23674
12443,41.93397,-74.08537
12444,42.26319,-74.29672
12446,41.80597,-74.32554
12448,42.07925,-74.1829
12449,41.99355,-73.9931
12450,42.13328,-74.24421
12451,42.30526,-73.95016
12452,42.25765,-74.36122
12453,42.09341,-73.93634
12454,42.28669,-74.15098
12455,42.13971,-74.65986
12456,42.03317,-73.99706
12457,42.04406,-74.2525
12458,41.81571,-74.41994
12459,42.23647,-74.68027
12460,42.41081,-74.15606
12461,41.90889,-74.26928
12463,42.19997,-74.01727
12464,42.03513,-74.35126
12465,42.1531,-74.46732
12466,41.90425,-73.97908
12468,42.29895,-74.42302
12469,42.44715,-74.23917
12470,42.29589,-74.07723
12471,41.84147,-74.04122
12472,41.84608,-74.07873
12473,42.25818,-74.04101
12474,42.29729,-74.57932
12475,42.0152,-74.01543
12477,42.08592,-73.9998
12480,42.13631,-74.37742
12481,41.98299,-74.22481
12482,42.26813,-73.95546
12483,41.67552,-74.42136
12484,41.87104,-74.17495
12485,42.2032,-74.14374
12486,41.83381,-74.06256
12487,41.85934,-73.99538
12489,41.75069,-74.35549
12490,42.12466,-73.92605
12491,41.96747,-74.13696
12492,42.18491,-74.33575
12493,41.79614,-73.97687
12494,41.9566,-74.29289
12495,42.08489,-74.24067
12496,42.32647,-74.27376
12498,42.04851,-74.10639
12501,41.85964,-73.55857
12502,42.08515,-73.65507
12503,42.0385,-73.58041
12504,42.02963,-73.91605
12507,42.00374,-73.92069
12508,41.49675,-73.95384
12512,41.55181,-73.96613
12513,42.21761,-73.72778
12514,41.87279,-73.76292
12515,41.68301,-74.06266
12516,42.11175,-73.56537
12517,42.11828,-73.512
12518,41.41613,-74.03946
12520,41.43298,-74.00598
12521,42.1701,-73.65029
12522,41.72043,-73.59681
12523,42.08684,-73.75327
12524,41.52964,-73.89257
12525,41.68638,-74.18568
12526,42.12185,-73.85885
12527,41.51944,-73.93565
12528,41.71884,-74.00447
12529,42.21555,-73.53709
12530,42.20743,-73.68788
12531,41.5369,-73.66963
12533,41.56031,-73.79397
12534,42.22273,-73.75158
12538,41.79248,-73.89308
12540,41.6708,-73.7251
12542,41.60744,-73.99732
12543,41.49327,-74.17578
12545,41.79056,-73.67398
12546,41.96789,-73.5345
12547,41.65596,-73.98512
12548,41.65987,-74.10747
12549,41.53004,-74.25872
12550,41.5372,-74.05256
12553,41.45711,-74.07564
12561,41.75498,-74.09752
12563,41.49457,-73.58745
12564,41.57751,-73.58674
12565,42.24852,-73.6463
12566,41.62101,-74.33126
12567,41.98247,-73.64953
12569,41.73432,-73.79584
12570,41.61935,-73.67232
12571,42.0057,-73.80906
12572,41.92526,-73.87204
12574,41.91773,-73.94563
12575,41.47844,-74.15408
12577,41.42586,-74.12296
12578,41.80843,-73.79486
12580,41.85424,-73.87222
12581,41.90699,-73.69347
12582,41.54448,-73.73509
12583,42.06131,-73.86652
12585,41.72485,-73.7009
12586,41.56504,-74.17331
12589,41.62667,-74.15905
12590,41.59496,-73.88774
12592,41.79141,-73.55412
12594,41.6684,-73.55016
12601,41.70358,-73.91165
12603,41.67822,-73.86547
12604,41.68846,-73.89206
12701,41.64914,-74.70027
12719,41.48855,-74.91187
12720,41.65846,-74.90424
12721,41.56748,-74.42892
12722,41.59064,-74.37424
12723,41.77568,-75.02832
12724,41.85412,-74.9339
12725,41.96001,-74.54538
12726,41.69411,-74.97726
12729,41.47624,-74.6244
12732,41.5627,-74.87396
12733,41.73198,-74.60978
12734,41.73304,-74.75093
12736,41.85536,-75.03209
12737,41.50471,-74.80052
12738,41.65611,-74.57099
12740,41.89428,-74.46984
12741,41.84156,-75.08108
12742,41.71931,-74.7219
12743,41.54276,-74.8477
12745,41.78338,-75.02464
12746,41.44137,-74.66427
12747,41.76737,-74.66463
12748,41.77543,-74.92349
12749,41.69466,-74.83671
12750,41.73212,-74.95709
12751,41.69363,-74.66427
12752,41.68243,-74.98832
12754,41.79843,-74.73685
12758,41.94576,-74.74555
12759,41.77915,-74.65336
12760,41.90018,-75.10893
12762,41.66892,-74.79152
12763,41.67987,-74.52305
12764,41.59528,-74.98458
12765,41.85542,-74.61939
12766,41.81153,-74.98028
12767,41.8414,-75.00261
12768,41.87132,-74.71587
12769,41.65793,-74.46733
12770,41.44786,-74.85422
12771,41.3744,-74.62464
12775,41.61565,-74.59273
12776,41.96089,-74.93463
12777,41.54832,-74.69615
12778,41.64225,-74.80929
12779,41.70275,-74.63167
12780,41.44432,-74.72128
12781,41.6197,-74.46633
12783,41.74096,-74.83629
12784,41.66983,-74.62598
12785,41.52529,-74.56984
12786,41.6405,-74.85503
12787,41.79796,-74.8353
12788,41.7894,-74.58833
12789,41.70682,-74.57042
12790,41.59141,-74.51581
12791,41.81225,-74.89007
12792,41.51836,-74.94767
12801,43.31142,-73.64489
12803,43.28938,-73.62995
12804,43.33891,-73.68408
12808,43.75116,-73.72811
12809,43.2383,-73.46344
12810,43.49698,-74.01049
12811,43.60546,-74.02832
12812,43.8721,-74.41197
12814,43.61048,-73.64715
12815,43.69032,-73.69708
12816,43.04807,-73.37477
12817,43.63355,-73.82515
12819,43.59842,-73.47914
12821,43.4587,-73.41288
12822,43.2421,-73.88798
12823,43.18178,-73.40762
12824,43.51637,-73.70976
12827,43.44843,-73.51224
12828,43.25509,-73.56407
12831,43.19523,-73.68822
12832,43.37072,-73.31797
12833,43.14011,-73.83972
12834,43.0947,-73.50304
12835,43.33208,-74.0037
12836,43.74966,-73.56841
12837,43.50881,-73.267
12838,43.34237,-73.40811
12839,43.3472,-73.55346
12841,43.63582,-73.50158
12842,43.75918,-74.29218
12843,43.57505,-74.00429
12844,43.48947,-73.62118
12845,43.42409,-73.7133
12846,43.34418,-73.80804
12847,43.99912,-74.58741
12849,43.44758,-73.29857
12850,43.10704,-73.98352
12851,43.85581,-74.04157
12852,43.94558,-74.16086
12853,43.68126,-74.0086
12855,44.00199,-73.79646
12856,43.65071,-74.14883
12857,43.82268,-73.91002
12858,43.90278,-73.6729
12859,43.16697,-73.90979
12860,43.72556,-73.80778
12861,43.74971,-73.41912
12862,43.67954,-73.91148
12863,43.06037,-73.93194
12864,43.72753,-74.30522
12865,43.2142,-73.34102
12866,43.07079,-73.74082
12870,43.84235,-73.75409
12871,43.08916,-73.61351
12872,43.87716,-73.72994
12873,43.11853,-73.3068
12874,43.6905,-73.54806
12878,43.42908,-74.0268
12883,43.85227,-73.50591
12884,43.08837,-73.59124
12885,43.52946,-73.8168
12886,43.66527,-73.92998
12887,43.53952,-73.37118
12901,44.70382,-73.47382
12903,44.68041,-73.44692
12910,44.85607,-73.64077
12911,44.51911,-73.46529
12912,44.46217,-73.74699
12913,44.42207,-74.02075
12914,44.92719,-74.59971
12916,44.83521,-74.51591
12917,44.92766,-74.17891
12918,44.69038,-73.6835
12919,44.9679,-73.44937
12920,44.87672,-74.0621
12921,44.89118,-73.43791
12922,44.28808,-74.71793
12923,44.95458,-73.93893
12924,44.47775,-73.58429
12926,44.95325,-74.32481
12927,44.19929,-74.82126
12928,43.95157,-73.52996
12929,44.72003,-73.71929
12930,44.72338,-74.54128
12932,44.21219,-73.61264
12933,44.89118,-73.84512
12934,44.86615,-73.88407
12935,44.83475,-73.78753
12936,44.27795,-73.39874
12937,44.96094,-74.48086
12939,44.42776,-74.16691
12941,44.35505,-73.71661
12942,44.26021,-73.79998
12943,44.13919,-73.8183
12944,44.45067,-73.51227
12945,44.33748,-74.23815
12946,44.22892,-73.98407
12950,44.32008,-73.58511
12952,44.70834,-73.90565
12953,44.74094,-74.26329
12955,44.79079,-73.95709
12956,44.09325,-73.49542
12957,44.84835,-74.57457
12958,44.95943,-73.57857
12959,44.96035,-73.70387
12960,44.02891,-73.55458
12961,44.05714,-73.54953
12962,44.70159,-73.60537
12964,44.14257,-73.62574
12965,44.70304,-74.68052
12966,44.79441,-74.4189
12967,44.77356,-74.65949
12969,44.70303,-74.08563
12970,44.48775,-74.31608
12972,44.55812,-73.57351
12973,44.2987,-74.59401
12974,44.0529,-73.47041
12975,44.5291,-73.43052
12976,44.50619,-74.21604
12977,44.28018,-74.07955
12978,44.61634,-73.80874
12979,44.99163,-73.37333
12980,44.56117,-74.49364
12981,44.62649,-73.84303
12983,44.32137,-74.20288
12985,44.56301,-73.74966
12986,44.23209,-74.49055
12987,44.32195,-73.76709
12989,44.53739,-74.063
12992,44.8158,-73.51816
12993,44.19893,-73.47219
12996,44.36021,-73.43946
12997,44.37545,-73.84318
12998,44.08463,-73.579
13020,42.81647,-76.07455
13021,42.92379,-76.55886
13024,42.93454,-76.57423
13026,42.74967,-76.66094
13027,43.16746,-76.36419
13028,43.2969,-75.93471
13029,43.22348,-76.14999
13030,43.15504,-75.96071
13031,43.04563,-76.30833
13032,43.07809,-75.76528
13033,43.18619,-76.57006
13034,42.91191,-76.69379
13035,42.9408,-75.82567
13036,43.32375,-76.17336
13037,43.06035,-75.86576
13039,43.16855,-76.0691
13040,42.56139,-75.93225
13041,43.19065,-76.19758
13042,43.26755,-75.85561
13044,43.29438,-75.99873
13045,42.58146,-76.19211
13051,42.8768,-75.90869
13052,42.72245,-75.86346
13053,42.47462,-76.26598
13054,43.17083,-75.67213
13057,43.09534,-76.04015
13060,43.02427,-76.41883
13061,42.86189,-75.75686
13062,42.4851,-76.38411
13063,42.84626,-75.97705
13064,43.32924,-76.70983
13066,43.03271,-76.00321
13068,42.49979,-76.3587
13069,43.33216,-76.37919
13071,42.67797,-76.54112
13072,42.76325,-75.76409
13073,42.58517,-76.39787
13074,43.30983,-76.54781
13076,43.35587,-76.1526
13077,42.71392,-76.19595
13078,42.96083,-76.06157
13080,43.08434,-76.47897
13081,42.67359,-76.62122
13082,43.10052,-75.95324
13083,43.6484,-75.98126
13084,42.88899,-76.11305
13087,42.7064,-76.15587
13088,43.10998,-76.18713
13090,43.15168,-76.21356
13092,42.65168,-76.4234
13101,42.59851,-76.06728
13102,42.55271,-76.29248
13103,43.32708,-76.10831
13104,42.96313,-75.9557
13108,42.97329,-76.33094
13110,42.89315,-76.28534
13111,43.25868,-76.62045
13112,43.10146,-76.41846
13113,43.16266,-76.53856
13114,43.46386,-76.24422
13115,43.39866,-76.47876
13116,43.07482,-76.00787
13117,43.00931,-76.70749
13118,42.75086,-76.39059
13120,42.93959,-76.1742
13122,42.84187,-75.85947
13123,43.23355,-75.76908
13124,42.64605,-75.81796
13126,43.43486,-76.46232
13131,43.42122,-76.09224
13132,43.26679,-76.2447
13134,42.96738,-75.6847
13135,43.25488,-76.31913
13136,42.61469,-75.84903
13138,42.89915,-76.01454
13140,43.05983,-76.65899
13141,42.7632,-76.18349
13142,43.55147,-76.1307
13143,43.23326,-76.71529
13144,43.56996,-75.97433
13145,43.65044,-76.1212
13146,43.0901,-76.75786
13147,42.77501,-76.5644
13148,42.91464,-76.7847
13152,42.8926,-76.38469
13153,42.99654,-76.45361
13155,42.65491,-75.78004
13156,43.33302,-76.66058
13157,43.20488,-75.72357
13158,42.71911,-75.96671
13159,42.80198,-76.11349
13160,42.82792,-76.65173
13162,43.18407,-75.72001
13163,43.0807,-75.71107
13164,43.09407,-76.3161
13165,42.91188,-76.87612
13166,43.07093,-76.55733
13167,43.31407,-76.06023
13202,43.04381,-76.15068
13203,43.06114,-76.13495
13204,43.05077,-76.17707
13205,43.00524,-76.14204
13206,43.07349,-76.1058
13207,43.01383,-76.16415
13208,43.07874,-76.14526
13209,43.08508,-76.2486
13210,43.03014,-76.12607
13211,43.10359,-76.11948
13212,43.12819,-76.13128
13214,43.0382,-76.0743
13215,42.97997,-76.23038
13219,43.03979,-76.22278
13224,43.03715,-76.1029
13290,43.07079,-76.17364
13301,43.41729,-75.22038
13302,43.49522,-75.96966
13303,43.36598,-75.46494
13304,43.24242,-75.16453
13305,43.89223,-75.42124
13308,43.24881,-75.66616
13309,43.47366,-75.3481
13310,42.89222,-75.57275
13312,43.7074,-75.20768
13313,42.88019,-75.27283
13314,42.81673,-75.31946
13315,42.74414,-75.14515
13316,43.4095,-75.74262
13317,42.85503,-74.58309
13318,42.91908,-75.25773
13319,43.0264,-75.26694
13320,42.77725,-74.73844
13321,43.0879,-75.37398
13322,42.96517,-75.20226
13323,43.04174,-75.37911
13324,43.32621,-74.95408
13325,43.57631,-75.52688
13326,42.7146,-74.90441
13327,43.95983,-75.27646
13328,42.98507,-75.429
13329,43.11123,-74.69824
13331,43.84298,-74.90042
13332,42.75678,-75.57549
13333,42.83368,-74.82328
13334,42.82873,-75.65804
13335,42.70267,-75.25046
13337,42.75391,-74.9812
13338,43.50141,-74.97935
13339,42.93996,-74.66664
13340,43.05083,-75.11372
13341,43.0361,-75.39698
13342,42.6546,-75.19102
13343,43.75056,-75.31074
13345,43.68855,-75.33017
13346,42.81801,-75.54386
13348,42.70859,-75.06768
13350,43.06185,-74.98873
13352,43.31274,-75.11641
13353,43.46576,-74.72544
13354,43.2631,-75.26965
13355,42.81267,-75.42864
13357,42.96705,-75.08337
13360,43.72756,-74.73795
13361,42.90373,-74.86827
13362,42.98218,-75.52199
13363,43.3273,-75.51383
13364,42.80502,-75.26104
13365,43.1214,-74.8449
13367,43.85827,-75.30587
13368,43.63877,-75.27511
13402,42.90116,-75.50495
13403,43.1692,-75.2708
13404,43.73635,-75.47172
13406,43.13529,-74.91789
13407,42.96895,-74.94448
13408,42.91981,-75.66916
13409,42.97648,-75.5951
13410,42.93103,-74.61255
13411,42.63306,-75.31162
13413,43.05898,-75.27709
13415,42.59653,-75.19847
13416,43.18705,-74.95615
13417,43.10096,-75.2938
13418,42.84506,-75.38218
13420,43.70795,-74.99236
13421,43.06521,-75.64464
13424,43.15238,-75.36526
13425,42.9635,-75.48701
13428,42.92177,-74.54059
13431,43.21291,-75.07749
13433,43.58639,-75.26501
13435,43.30516,-75.15067
13436,43.81103,-74.66038
13437,43.59719,-75.80364
13438,43.34881,-75.16444
13439,42.85611,-74.99561
13440,43.21598,-75.46131
13441,43.22639,-75.40825
13450,42.70193,-74.8103
13452,43.03926,-74.6285
13454,43.20988,-74.75733
13456,42.99999,-75.25549
13459,42.7765,-74.5882
13460,42.68706,-75.45419
13461,43.07041,-75.59912
13464,42.68586,-75.61754
13468,42.84523,-74.85576
13469,43.21526,-75.29956
13470,43.19982,-74.64135
13471,43.42057,-75.6175
13472,43.69405,-75.0594
13473,43.64444,-75.46384
13475,42.89381,-74.83025
13476,43.08838,-75.50959
13477,43.03291,-75.51291
13478,43.14924,-75.58207
13480,42.91577,-75.3675
13483,43.39757,-75.82556
13484,42.86633,-75.65921
13485,42.78675,-75.31488
13486,43.34664,-75.34962
13488,42.691,-74.74894
13489,43.46716,-75.54189
13490,43.11009,-75.42646
13491,42.86272,-75.17634
13492,43.11988,-75.32875
13493,43.43417,-75.89572
13494,43.53267,-75.14125
13495,43.11085,-75.27752
13501,43.08125,-75.22635
13502,43.14099,-75.16112
13601,43.96838,-75.90673
13602,44.05127,-75.76504
13603,44.03703,-75.79779
13605,43.80618,-76.04894
13606,43.87206,-76.01523
13607,44.31524,-75.919
13608,44.2403,-75.62522
13612,43.98821,-75.7716
13613,44.86385,-74.74076
13614,44.53089,-75.69114
13615,44.04018,-75.98509
13616,44.02608,-75.85861
13617,44.5792,-75.14931
13618,44.11925,-76.27578
13619,43.97907,-75.60121
13620,43.91039,-75.45017
13621,44.83972,-75.07205
13622,44.09671,-76.11278
13623,44.44976,-75.75247
13624,44.21199,-76.09426
13625,44.53799,-74.92593
13626,43.84126,-75.72062
13628,44.0316,-75.68246
13630,44.49742,-75.31529
13633,44.48686,-75.48393
13634,44.00948,-76.07736
13635,44.3039,-75.2504
13636,43.74343,-76.11664
13637,44.09632,-75.83001
13638,44.02032,-75.74888
13639,44.2541,-75.13798
13640,44.32224,-75.99117
13641,44.27524,-76.00474
13642,44.33609,-75.45708
13643,44.03181,-75.71709
13646,44.43933,-75.67844
13647,44.60584,-74.98059
13648,44.14914,-75.31807
13650,43.80752,-76.206
13651,43.868,-76.17874
13652,44.44226,-75.20324
13654,44.56872,-75.45567
13655,44.97809,-74.6513
13656,44.19138,-75.94969
13658,44.73794,-75.27739
13659,43.73818,-75.87133
13660,44.77123,-75.15848
13661,43.70988,-76.10606
13662,44.9322,-74.8844
13664,44.58426,-75.64532
13665,44.0477,-75.44368
13666,44.21772,-74.94226
13667,44.83726,-74.96392
13668,44.75496,-74.98605
13669,44.6441,-75.49517
13670,44.16999,-75.11349
13672,44.50261,-74.68515
13673,44.16665,-75.71884
13674,43.73823,-76.05526
13675,44.27907,-75.84834
13676,44.653,-74.92142
13677,44.51126,-75.17881
13678,44.82086,-74.98385
13679,44.32437,-75.76427
13680,44.59421,-75.32386
13681,44.42851,-75.37088
13682,43.84193,-75.8901
13684,44.36187,-75.04066
13685,43.92448,-76.17347
13687,44.42317,-74.82047
13690,44.11593,-75.01035
13691,44.22541,-75.7832
13692,44.28887,-76.02632
13693,44.02833,-76.25075
13694,44.85099,-75.16108
13695,44.10979,-74.92161
13696,44.69472,-74.88802
13697,44.74892,-74.8095
13730,42.22934,-75.53325
13731,42.12927,-74.78925
13732,42.04413,-76.168
13733,42.30321,-75.48204
13734,42.07439,-76.40764
13736,42.31851,-76.19833
13739,42.36614,-74.79281
13740,42.27136,-74.75077
13743,42.21616,-76.33854
13744,42.23865,-75.90912
13746,42.27242,-75.83524
13748,42.0345,-75.81702
13750,42.47127,-74.84609
13751,42.4508,-74.90131
13752,42.18312,-74.90136
13753,42.30733,-74.92678
13754,42.09109,-75.4358
13755,42.06285,-74.99797
13756,42.00622,-75.10093
13757,42.40895,-74.90374
13760,42.1349,-76.08467
13774,41.9655,-75.15925
13775,42.3309,-75.1471
13776,42.47058,-75.33294
13777,42.25815,-75.9896
13778,42.34332,-75.75481
13780,42.42488,-75.47926
13782,42.16647,-74.98201
13783,41.9914,-75.26477
13784,42.42693,-76.22137
13786,42.4414,-74.69464
13787,42.20504,-75.66757
13788,42.35102,-74.65813
13790,42.17019,-75.99803
13794,42.39312,-76.0137
13795,42.0607,-75.77999
13796,42.55069,-75.13978
13797,42.33042,-76.04827
13801,42.50961,-75.77965
13802,42.2494,-76.04051
13803,42.45654,-76.06327
13804,42.21024,-75.3739
13806,42.37348,-74.96509
13807,42.60875,-74.98652
13808,42.5279,-75.25647
13809,42.40381,-75.39554
13810,42.61172,-75.1116
13811,42.23178,-76.17458
13812,42.03013,-76.3539
13813,42.16688,-75.54751
13815,42.54689,-75.53118
13820,42.47468,-75.04058
13825,42.43937,-75.2022
13826,42.1026,-75.63986
13827,42.11192,-76.2546
13830,42.44002,-75.62797
13832,42.65776,-75.67579
13833,42.19942,-75.7672
13834,42.53386,-74.96276
13835,42.38956,-76.17119
13838,42.28573,-75.39269
13839,42.26141,-75.25798
13841,42.41375,-75.83693
13842,42.37369,-74.72398
13843,42.52442,-75.37338
13844,42.61008,-75.67041
13845,42.05471,-76.35374
13846,42.36281,-75.05218
13847,42.18592,-75.29064
13849,42.34381,-75.31152
13850,42.04876,-76.02661
13856,42.16588,-75.16721
13859,42.37092,-75.24854
13860,42.4514,-74.93801
13861,42.5053,-75.1491
13862,42.33638,-75.93851
13863,42.44848,-75.90866
13864,42.28926,-76.3927
13865,42.06276,-75.63308
13901,42.1824,-75.87988
13902,42.08888,-75.96892
13903,42.04737,-75.89543
13904,42.13079,-75.81597
13905,42.18011,-75.94471
14001,43.03296,-78.51205
14004,42.89467,-78.50971
14005,42.91694,-78.2503
14006,42.63368,-79.02321
14008,43.31174,-78.62669
14009,42.57462,-78.39319
14011,42.83226,-78.29695
14012,43.33439,-78.52548
14013,43.08141,-78.39763
14020,42.99624,-78.21274
14024,42.58014,-78.2492
14025,42.6222,-78.72705
14026,42.94239,-78.68798
14028,43.3161,-78.71781
14030,42.56626,-78.50097
14031,42.98721,-78.61075
14032,43.04672,-78.63074
14033,42.66062,-78.68688
14034,42.49818,-78.86094
14035,42.49073,-78.84831
14036,42.97503,-78.38734
14037,42.80578,-78.45513
14039,42.83638,-78.16926
14040,42.88925,-78.38116
14041,42.40358,-78.97358
14042,42.469,-78.48654
14043,42.90191,-78.70339
14047,42.68585,-78.99348
14048,42.48052,-79.31161
14051,43.04221,-78.69906
14052,42.77018,-78.58105
14054,42.91517,-78.1275
14055,42.55467,-78.6014
14057,42.64582,-78.87732
14058,43.10243,-78.16272
14059,42.83363,-78.636
14060,42.44658,-78.30793
14061,42.59387,-79.07934
14062,42.4409,-79.15074
14063,42.414,-79.32601
14065,42.48717,-78.31345
14066,42.62421,-78.18037
14067,43.21573,-78.56662
14068,43.02746,-78.75649
14069,42.60762,-78.63381
14070,42.4361,-78.92583
14072,43.01819,-78.96356
14075,42.71394,-78.83238
14080,42.64406,-78.54661
14081,42.56181,-79.06362
14082,42.65656,-78.38237
14085,42.71412,-78.92916
14086,42.90809,-78.62904
14091,42.54238,-78.88369
14092,43.17357,-78.99361
14094,43.16018,-78.7009
14098,43.33438,-78.3806
14101,42.38953,-78.54357
14102,42.83931,-78.55687
14103,43.21227,-78.37666
14105,43.19782,-78.48395
14108,43.26333,-78.72701
14109,43.13777,-79.03521
14111,42.58254,-78.9008
14112,42.6981,-78.9395
14113,42.67163,-78.33968
14120,43.07363,-78.83645
14125,43.0871,-78.2784
14126,43.33565,-78.72558
14127,42.75176,-78.74377
14129,42.48009,-79.01038
14130,42.55599,-78.14771
14131,43.23624,-78.89904
14132,43.14932,-78.8777
14134,42.52748,-78.52419
14135,42.48767,-79.2409
14136,42.52306,-79.17042
14138,42.37026,-79.05056
14139,42.71657,-78.53477
14141,42.52208,-78.70939
14143,42.97556,-78.07337
14145,42.73004,-78.42813
14150,42.99782,-78.87829
14167,42.74412,-78.32487
14168,42.52038,-78.99068
14169,42.76612,-78.52369
14170,42.70227,-78.67089
14171,42.42279,-78.64277
14172,43.28315,-78.81813
14173,42.52601,-78.47312
14174,43.24097,-79.00178
14201,42.89667,-78.88697
14202,42.88793,-78.88309
14203,42.86381,-78.8658
14204,42.88221,-78.86135
14206,42.88088,-78.8114
14207,42.95173,-78.89779
14208,42.91609,-78.85301
14209,42.91402,-78.86605
14210,42.86351,-78.82739
14211,42.90779,-78.81906
14212,42.89422,-78.82018
14213,42.91804,-78.89281
14214,42.93952,-78.84083
14215,42.93535,-78.81069
14216,42.94848,-78.8617
14217,42.97183,-78.87686
14218,42.81966,-78.82865
14219,42.78893,-78.82691
14220,42.84565,-78.82321
14221,42.98002,-78.72285
14222,42.91977,-78.87686
14223,42.97346,-78.84621
14224,42.83781,-78.74799
14225,42.92895,-78.75165
14226,42.97098,-78.79873
14227,42.88425,-78.74615
14228,43.04091,-78.78122
14261,43.00198,-78.78534
14301,43.09583,-79.04052
14302,43.0939,-79.04919
14303,43.08501,-79.03812
14304,43.09942,-78.95199
14305,43.11961,-79.02227
14411,43.23425,-78.21193
14414,42.89349,-77.73514
14415,42.75548,-77.01708
14416,43.07902,-77.98172
14418,42.60783,-77.2151
14420,43.212,-77.93455
14422,43.08233,-78.0657
14423,42.94419,-77.82759
14424,42.84815,-77.30818
14425,42.99155,-77.33801
14427,42.62049,-78.05368
14428,43.07741,-77.85949
14432,42.95739,-77.1435
14433,43.08198,-76.8786
14435,42.71313,-77.66234
14437,42.57523,-77.73829
14441,42.68523,-76.95727
14445,43.11262,-77.48992
14450,43.09166,-77.41702
14454,42.7969,-77.77384
14456,42.8459,-77.00121
14462,42.68655,-77.75113
14464,43.32706,-77.93617
14466,42.77652,-77.5811
14467,43.04168,-77.61017
14468,43.29112,-77.80539
14469,42.87755,-77.46599
14470,43.21053,-78.05341
14471,42.75386,-77.49222
14472,42.96729,-77.57913
14475,42.9378,-77.4984
14476,43.32922,-78.04473
14477,43.33361,-78.13592
14478,42.5779,-77.12632
14479,43.23624,-78.31386
14480,42.83948,-77.70683
14481,42.76189,-77.92144
14482,42.97701,-77.97232
14485,42.87991,-77.60055
14486,42.8943,-77.92158
14487,42.81176,-77.63595
14489,43.08496,-76.99002
14502,43.09728,-77.33547
14504,42.96905,-77.23154
14505,43.16056,-77.17323
14506,43.00176,-77.50701
14507,42.69781,-77.27025
14510,42.69013,-77.87462
14511,42.99763,-77.87806
14512,42.64558,-77.39159
14513,43.07279,-77.09532
14514,43.09985,-77.79969
14516,43.20068,-76.91599
14517,42.59241,-77.89582
14519,43.2326,-77.31398
14521,42.67538,-76.80747
14522,43.06112,-77.22122
14525,42.87328,-78.01243
14526,43.15111,-77.44759
14527,42.66712,-77.0653
14529,42.53997,-77.63825
14530,42.73343,-78.00479
14532,42.96449,-77.0258
14533,42.84444,-77.88555
14534,43.05585,-77.52019
14536,42.54192,-78.0833
14537,43.03584,-77.16341
14539,42.83458,-77.87489
14541,42.75657,-76.84444
14542,43.14733,-76.86014
14543,42.98756,-77.6774
14544,42.75658,-77.24347
14545,42.66491,-77.70101
14546,43.031,-77.77345
14548,42.97605,-77.24386
14549,42.70004,-78.01723
14550,42.67783,-78.09104
14551,43.21915,-77.04497
14555,43.25922,-76.97814
14559,43.18805,-77.81798
14560,42.68378,-77.57082
14561,42.82046,-77.13175
14564,42.98295,-77.42408
14568,43.14723,-77.28382
14569,42.73931,-78.17138
14571,43.34256,-78.25309
14572,42.56536,-77.571
14580,43.2193,-77.44551
14585,42.90629,-77.55337
14586,43.0418,-77.68688
14588,42.68099,-76.87062
14589,43.24008,-77.17253
14590,43.24228,-76.82725
14591,42.83196,-78.09835
14592,42.87217,-77.89574
14604,43.15678,-77.60479
14605,43.1683,-77.60203
14606,43.17128,-77.69857
14607,43.15081,-77.58644
14608,43.1536,-77.6238
14609,43.17753,-77.55277
14610,43.14258,-77.54548
14611,43.14749,-77.64714
14612,43.26574,-77.67613
14613,43.18222,-77.6404
14614,43.15754,-77.61503
14615,43.20342,-77.65596
14616,43.23464,-77.65755
14617,43.22509,-77.59363
14618,43.113,-77.55536
14619,43.13615,-77.64897
14620,43.12891,-77.60517
14621,43.18971,-77.60374
14622,43.21386,-77.55399
14623,43.08846,-77.64239
14624,43.12739,-77.7323
14625,43.14899,-77.50534
14626,43.2143,-77.71383
14627,43.12861,-77.62917
14701,42.0788,-79.25735
14706,42.11331,-78.52578
14707,42.07738,-78.0605
14708,42.01639,-78.06417
14709,42.35235,-77.98556
14710,42.09033,-79.42211
14711,42.32604,-78.12146
14712,42.18102,-79.36726
14714,42.28999,-78.23324
14715,42.0676,-78.14919
14716,42.3788,-79.43513
14717,42.364,-78.18399
14718,42.34481,-79.28727
14719,42.33848,-78.87923
14720,42.10857,-79.28113
14721,42.01386,-78.26648
14722,42.20939,-79.46821
14723,42.3104,-79.13985
14724,42.05281,-79.6687
14726,42.25158,-79.02122
14727,42.20785,-78.29184
14728,42.26302,-79.41968
14729,42.4035,-78.7434
14731,42.3005,-78.65037
14732,42.2319,-79.11636
14733,42.14916,-79.17462
14735,42.45147,-78.09768
14736,42.14089,-79.74611
14737,42.33512,-78.43048
14738,42.04548,-79.06035
14739,42.19164,-78.14761
14740,42.21957,-79.18406
14741,42.21772,-78.59825
14742,42.12015,-79.30688
14743,42.20296,-78.40516
14744,42.42232,-78.21068
14747,42.15401,-79.09133
14748,42.13712,-78.63735
14750,42.07978,-79.32928
14752,42.35173,-79.31982
14753,42.05049,-78.64552
14754,42.02571,-78.2059
14755,42.23644,-78.81303
14756,42.19788,-79.42123
14757,42.23673,-79.50416
14760,42.07338,-78.41388
14767,42.05172,-79.51133
14769,42.36811,-79.47649
14770,42.04244,-78.30415
14772,42.155,-78.95337
14774,42.08839,-78.14914
14775,42.2322,-79.69519
14777,42.39179,-78.2615
14778,42.07758,-78.48324
14779,42.10645,-78.77776
14781,42.16117,-79.60186
14782,42.26661,-79.26045
14783,42.07798,-78.88412
14784,42.3153,-79.38065
14787,42.31124,-79.57054
14788,42.06205,-78.38018
14801,42.09688,-77.28862
14802,42.25326,-77.78926
14803,42.2543,-77.78687
14804,42.31717,-77.84886
14805,42.35884,-76.72417
14806,42.15996,-77.77932
14807,42.41922,-77.71193
14808,42.55966,-77.46691
14809,42.41969,-77.44608
14810,42.3487,-77.34272
14812,42.29326,-76.99553
14813,42.24794,-77.99107
14814,42.15003,-76.95274
14815,42.37458,-77.09279
14816,42.19533,-76.73129
14817,42.36488,-76.34272
14818,42.44809,-76.81885
14819,42.22047,-77.43861
14820,42.19226,-77.35933
14821,42.23413,-77.21433
14822,42.43085,-77.84964
14823,42.24857,-77.55377
14824,42.26709,-76.70087
14825,42.05508,-76.62115
14826,42.49153,-77.49693
14827,42.18065,-77.14283
14830,42.12985,-77.03315
14836,42.5163,-77.9178
14837,42.49726,-77.01723
14838,42.18734,-76.66605
14839,42.13945,-77.64475
14840,42.44214,-77.18832
14841,42.52534,-76.84091
14842,42.59462,-76.96503
14843,42.31834,-77.64549
14845,42.20497,-76.83565
14846,42.53471,-78.00099
14847,42.60396,-76.73981
14850,42.43101,-76.49959
14853,42.44773,-76.47959
14854,42.50574,-76.61477
14855,42.14206,-77.50282
14856,42.3767,-77.36651
14858,42.02999,-77.13565
14859,42.11991,-76.53526
14860,42.59358,-76.83621
14861,42.08993,-76.68477
14864,42.27828,-76.84167
14865,42.34857,-76.83399
14867,42.34405,-76.61415
14869,42.36507,-76.77186
14870,42.16768,-77.13458
14871,42.04026,-76.91143
14872,42.24239,-76.8678
14873,42.52238,-77.29841
14874,42.53016,-77.17551
14877,42.05664,-77.6859
14878,42.45028,-76.94341
14879,42.31621,-77.19003
14880,42.17744,-77.97066
14881,42.40056,-76.35671
14882,42.58016,-76.55496
14883,42.23929,-76.4812
14884,42.48015,-77.8885
14885,42.04656,-77.57035
14886,42.50471,-76.68977
14889,42.21521,-76.58135
14891,42.37724,-76.94575
14892,42.04832,-76.52704
14893,42.46781,-77.10772
14894,42.02236,-76.769
14895,42.07697,-77.93709
14897,42.02921,-77.79237
14898,42.05701,-77.43902
14901,42.08198,-76.74428
14903,42.12526,-76.87563
14904,42.06982,-76.79987
14905,42.0883,-76.84392